,Date,Title,Organization,Location
0,2021-11-10,Geospatial Data Manager,NatureServe,"Arlington, VA"
1,2021-11-09,GIS Technician,Snohomish County Public Works-ES,"Everett, WA"
2,2021-11-09,GIS Technician I,Sedgwick County,"Wichita, KS"
3,2021-11-08,GIS Analyst,"CEMML, Colorado State University","Fort Wainwright, Alaska"
4,2021-11-08,Geospatial Data Specialist I or II (Sewer),City of Cedar Rapids,"Cedar Rapids, IA"
5,2021-11-05,GIS Analyst,"geocgi, LLC","Iwakuni, Japan"
6,2021-11-05,"Instructor, Lecturer, or Senior Lecturer of Geology and Geological Engineering",South Dakota School of Mines & Technology,"Rapid City, SD USA"
7,2021-11-05,Geospatial Data Specialist I or II (IT),City of Cedar Rapids,"Cedar Rapids, IA"
8,2021-11-05,Engineering Technician I and II,Florin Resource Conservation District/Elk Grove Water District,"Elk Grove, CA USA"
9,2021-11-04,GIS Specialist,Nashua Regional Planning Commission,Nashua NH
0,2021-11-04,GIS Mapper,National Grid,"Brooklyn, NY"
1,2021-11-04,GIS Project Manager,"Far Western Anthropological Research Group, Inc.",Davis. CA
2,2021-11-03,"GIS Analyst - Vandenberg SFB, Lompoc, CA","CEMML, Colorado State University","Vandenberg SFB, Lompoc, CA"
3,2021-11-03,Spatial Analyst,California Public Utilities Commission,"San Francisco, CA USA"
4,2021-11-02,GIS Technician,City of Milpitas,Milpitas. CA
5,2021-11-02,GIS Analyst,Syringa Networks LLC,"Boise, ID"
6,2021-11-02,Cartographic Technician,GIS Inc,"Denver, CO"
7,2021-11-01,Tenure Track Assistant Professor in Survey-Geomatics,Georgia Southern University,"Statesboro, GA"
8,2021-11-01,GIS Manager,Colorado Open Lands,"Lakewood, CO"
9,2021-11-01,Data Analyst - GIS Lab Manager 121670,University of West Florida,"Pensacola, FL USA"
0,2021-11-01,ITD - Geographic Information Systems (GIS) Analyst - Senior,Pima County ITD,"Tucson, AZ, USA"
1,2021-11-01,Automation Specialist,Chesterfield County Human Resources,"Chesterfield, VA USA"
2,2021-10-29,GIS Specialist I/Graphic Designer,City of St. Louis: Streets Department,City of St. Louis
3,2021-10-29,Geospatial Analyst,United Bank of Switzerland,"Shanghai, China"
4,2021-10-29,GIS Technician,Planet Forward,"Plainfield, IN"
5,2021-10-29,GIS Technician,City of New Braunfels,"New Braunfels, TX"
6,2021-10-28,Mid/Senior GIS Developers,"Spatial Front, Inc",100% Remote
7,2021-10-28,.NET Developer with some GIS experience,"Spatial Front, Inc",100% remote
8,2021-10-28,GIS Technician,Planet Forward,"Cincinnati, Ohio"
9,2021-10-28,GIS Technician,Planet Forward,"Plainfield, Indiana"
0,2021-10-28,GIS Solutions Engineer (38709),"Langan Engineering and Environmental Services, Inc.","Parsippany, NJ USA"
1,2021-10-28,Conservation and GIS Data Analyst,The Xerces Society,"Portland, OR (other locations in the Western US may be considered)"
2,2021-10-28,GIS Specialist - Guam,Center for Environmental Management of Military Lands,"Santa Rita, GU"
3,2021-10-28,GIS Specialist,Liberty Utilities,"Tahoe Vista, California, USA"
4,2021-10-28,AIM Aquatic Data Technician,GISinc,"Denver, CO"
5,2021-10-27,GIS Research Associate (Temporary Position),UNC Asheville,"Asheville, NC"
6,2021-10-27,Water Utility Asset and GIS Specialist,Madison Water Utility,"Madison, WI"
7,2021-10-27,"GIS SPECIALIST - TEMP, PART-TIME, LIMITED",Coachella Valley Water District,"Palm Desert, CA, United States"
8,2021-10-26,GIS Management Technician,Kosciusko County Surveyor's Office,"Warsaw, IN USA"
9,2021-10-26,Solutions Engineer,GISinc,"Headquarters in Birmingham, AL or work at home considered"
0,2021-10-26,GIS Technician,CEMML,"Fort Wainwright, Alaska"
1,2021-10-25,Jr. GIS Analyst,"geocgi, LLC","Iwakuni, Japan"
2,2021-10-25,GIS Fiber Technician,"3-GIS, LLC","Tuscaloosa and Livingston, AL"
3,2021-10-22,GIS Analyst I,InterDev,"Canton, GA USA"
4,2021-10-22,Staff Associate II,Lamont-Doherty Earth Observatory of Columbia University,"Palisades, New York"
5,2021-10-22,GIS Cadastralist II,IRC Property Appraiser,"1800 27th Street Vero Beach, FL"
6,2021-10-21,GIS Management Technician,Kosciusko County Surveyor's Office,"Warsaw, IN USA"
7,2021-10-21,Electric Asset Data GIS Analyst (Maps and Records),Planet Forward,"Waltham, MA Or Syracuse, NY"
8,2021-10-20,Geospatial Product Owner,AIR Worldwide,"Boston, MA"
9,2021-10-20,GIS Specialist,Yavapai County,"Prescott, AZ"
0,2021-10-20,GIS Specialist,RadGov,"Raleigh, NC"
1,2021-10-20,Data Scientist In Conservation - 21069,"WWF Washington, DC","Washington, Dist. Columbia, United States, 20037"
2,2021-10-19,Geospatial Systems Engineer,New Light Technologies Inc.,Remote
3,2021-10-19,GIS Analyst,Coeur d'alene Tribe,"Plummer, ID"
4,2021-10-19,GIS WEB ADMIN ANALYST I - LEAD,PNM Resources,"Albuquerque, New Mexico, United States, 87102"
5,2021-10-19,GIS Developer,Agua Caliente Band of Cahuilla Indians,"Palm Springs, CA USA"
6,2021-10-18,GIS ANalyst,San Manuel Band of Mission Indians,"San Bernardino, CA"
7,2021-10-18,GIS & RS Analyst,"Toolik Field Station, University of Alaska Fairbanks","Fairbanks, AK & Toolik Field Station, Alaska"
8,2021-10-18,Software Developer (Environmental Applications),Abt Associates,USA
9,2021-10-15,GIS Account Manager,Eagleview,"San Francisco Bay, CA USA, Oakland, CA USA, Sacramento CA USA, Reno, NV USA"
0,2021-10-15,GIS Account Manager,Eagleview,"Toronto, CAN, Montreal, CAN, Ottawa, CAN, Quebec City, CAN"
1,2021-10-15,Regional Technical Manager,Eagleview,"Baltimore, MD USA, Pittsburgh, PA USA, Hampton Roads, VA USA, Richmond, VA USA, Virginia Beach, VA USA"
2,2021-10-15,Regional Technical Manager,Eagleview,"Savannah, GA USA, Charlotte, NC USA, Charleston, SC USA, Columbia, SC USA, Greenville, SC USA"
3,2021-10-15,Regional Technical Manager,Eagleview,"Birmingham, AL USA, Mobile, AL USA, Tampa, FL USA"
4,2021-10-14,GIS Technician,PACE - Advanced Civil Engineering,"Fountain Valley, CA"
5,2021-10-13,Onsite Geospatial Data Management Technician,"Innovate!, Inc.","Lakewood, CO"
6,2021-10-13,GIS Manager,Montana Bureau of Mines and Geology,"Butte, MT"
7,2021-10-13,GIS Open Source Developer,Motivf Corporation,"Alexandria, VA (Remote)"
8,2021-10-13,"Sr Program Officer, Forest Carbon Accounting",World Wildlife Fund,"Washington, Dist. Columbia, United States, 20001"
9,2021-10-13,Building Inspector (Remote),Motivf Corporation,Various
0,2021-10-12,GIS Supervisor,The City of Largo,"Largo, Florida"
1,2021-10-12,GIS Analyst,Parsons Corporation,"Camp Fuji, Japan"
2,2021-10-12,GIS Analyst,Parsons Corporation,"Okinawa, Japan"
3,2021-10-12,GIS Analyst,Parsons Corporation,"29 Palms, CA"
4,2021-10-12,GIS Programmer,Resource Data,"Boise, ID"
5,2021-10-12,GIS Technician,The Ohio State University,"Columbus, OH USA"
6,2021-10-11,IT GIS Manager,City of Seguin,"Seguin, TX"
7,2021-10-08,GIS Specialist,EKI Environment & Water,"Daly City, CA or Irvine, CA"
8,2021-10-08,Cadastral GIS Data Specialist,Seattle IT,Seattle WA
9,2021-10-06,Business Technology Consultant,Stantec,"Orlando, FL, Tampa, FL, Jacksonville, FL"
0,2021-10-05,GIS Specialist,"geocgi, LLC","Stavanger, Norway"
1,2021-10-05,GIS Web Developer,Railinc,"Cary, NC (will consider remote)"
2,2021-10-05,GIS Analyst,City of Altamonte Springs,"Altamonte Springs, FL USA"
3,2021-10-05,Sr. GIS Analyst,"Innovate!, Inc.","Fort Polk, LA"
4,2021-10-04,GIS Coordinator,City of Grants Pass,"Grants Pass, OR USA"
5,2021-10-01,Demographer,Loudoun County Government,"Loudoun County, Virginia"
6,2021-09-30,GIS Specialist,Liberty IT Solutions,Remote
7,2021-09-30,GIS Technician,Planet Forward,"Cincinnati, OH, USA"
8,2021-09-29,GIS Coordinator,City of Midwest City,"Oklahoma City, OK USA"
9,2021-09-29,GIS Specialist,Florida Trail Association,"Tallahassee, FL"
0,2021-09-29,"GIS Analyst - Okinawa, Japan",geocgi,"Okinawa, Japan"
1,2021-09-29,GIS Regional Administrator - ANG Northeast Region,"TSG Solutions, Inc. (TSG), a Continental Mapping Company","North Eastern Region (OH, MA, RI, PA, NH, NY, VM, ME, CT)"
2,2021-09-29,GIS Regional Administrator – ANG Southeast Region,"TSG Solutions, Inc. (TSG), a Continental Mapping Company","Southeast region (TN, NC, SC, GA, FL, AL, KY, VA, WV)"
3,2021-09-28,Senior GIS Analyst,City of Fort Lauderdale,"Fort Lauderdale, FL"
4,2021-09-23,Adjunct Lecturer - GIS,Brown University,"Providence, Rhode Island"
5,2021-09-23,GIS Web Specialist,McKenzie County,"Watford City, ND"
6,2021-09-23,Crime Analyst,City of Topeka Police Department,"Topeka, KS"
7,2021-09-22,GIS Enterprise Administrator,City of Boulder,"Boulder, CO"
8,2021-09-21,Real Estate Development Business Analyst,"AutoZone, Inc.","Memphis, TN"
9,2021-09-20,GIS Developer,City of Charleston,"Charleston, SC"
0,2021-09-20,GIS Consultant,G2 Integrated Solutions,"San Ramon, Ca"
1,2021-09-20,Party Chief - Survey,"GISinc, A Continental Mapping Company","Sun Prairie, WI or work from home considered"
2,2021-09-17,GIS Technician 1,Planet Forward,"Plainfield, IN"
3,2021-09-17,GIS Technician – Part-Time,Theorem Geo,"Charlotte, NC"
4,2021-09-17,GISc Director,Trout Unlimited,"Boise, ID USA or remote"
5,2021-09-17,Geospatial Developer,Weyerhaeuser,"Seattle, WA; Springfield, OR; Columbia Falls, MT; Hot Springs, AR; Atlanta, GA; Madison, GA"
6,2021-09-17,GIS Tools Team Lead,Weyerhaeuser,"Seattle, WA; Springfield, OR; Columbia Falls, MT; Hot Springs, AR; Atlanta, GA; Madison, GA"
7,2021-09-17,GIS Intern (Paid - 2 openings),"Ducks Unlimited, Inc.","Rancho Cordova (Sacramento area), CA USA"
8,2021-09-16,Sr. GIS Data Architect / Project Manager,"Innovate!, Inc.",Salt Lake City Utah
9,2021-09-16,GIS Developer,"Innovate!, Inc.",Remote
